{"cameraMode":{"drawMode":0,"name":"Shaded","section":"Shading Mode"},"sceneLighting":true,"audioPlay":false,"sceneViewState":{"showFog":true,"showMaterialUpdate":false,"showSkybox":true,"showFlares":true,"showImageEffects":true,"showParticleSystems":true},"in2DMode":false,"pivot":{"x":-1.713911771774292,"y":24.95978546142578,"z":1.2216796875},"rotation":{"x":0.0389837883412838,"y":0.01798534393310547,"z":-0.0007017843890935183,"w":0.9990776181221008},"size":63.80606460571289,"orthographic":false}